,Tags,Usos
1013,javascript,11326
1454,php,9799
994,java,7190
885,html,6139
1580,python,5253
286,c#,5012
1286,mysql,4761
1054,jquery,4662
1872,sql,3763
57,android,3727
436,css,2862
1111,laravel,2212
1586,python-3.x,2029
892,html5,1969
1873,sql-server,1871
288,c++,1737
159,array,1645
40,ajax,1600
87,android-studio,1515
1068,json,1377
285,c,1150
250,bootstrap,1092
1333,nodejs,1027
216,base-de-datos,989
169,asp.net,975
97,angular,948
1113,laravel-5,926
526,django,856
439,css3,852
1609,r,735
1293,mysqli,706
1637,reactjs,681
112,angularjs,617
1663,regex,602
171,asp.net-mvc,596
1914,string,585
2122,visual-studio,579
2186,windows-forms,563
1143,linux,545
1146,lista,520
1495,poo,501
1505,postgresql,498
2093,vb.net,483
1418,pandas,464
2044,typescript,442
670,firebase,437
722,funciones,437
4,.net,434
1397,oracle,422
630,excel,416
2226,xml,406
2009,tkinter,384
2145,vue.js,383
1282,mvc,377
173,asp.net-mvc-5,368
1710,ruby-on-rails,364
470,datatables,363
2201,wordpress,358
471,date,357
133,api,354
220,bash,354
700,formularios,353
592,eloquent,339
1460,phpmyadmin,339
270,bucle-for,333
1250,mongodb,329
2157,web,322
1308,netbeans,313
1441,pdo,309
1939,swift,295
1581,python-2.7,286
757,git,286
1005,java-swing,284
362,codeigniter,279
967,ionic,268
72,android-layout,267
972,ios,265
2169,webservice,262
151,archivo,258
1456,php7,250
688,flutter,248
390,condiciones,248
642,express,243
918,imagen,237
1709,ruby,236
2095,vba,232
1889,sqlite,232
1141,linq,231
2185,windows,230
2089,variables,229
808,google-maps,220
1860,spring,218
162,arraylist,215
271,bucles,212
2087,validación,211
607,entity-framework,210
440,csv,210
48,algoritmos,205
252,bootstrap-4,198
2046,ubuntu,198
1758,select,195
530,django-models,195
572,eclipse,193
1075,jsp,191
475,datetime,190
1104,kotlin,182
2206,wpf,181
2219,xcode,179
1911,stored-procedure,175
1347,numpy,171
1202,matrices,171
2178,while,169
1437,pdf,165
124,apache,163
2126,visual-studio-2015,161
2,.htaccess,161
463,dataframe,160
1201,matplotlib,160
1745,script,159
66,android-fragment,158
1861,spring-boot,155
1251,mongoose,154
1117,laravel-blade,153
1555,punteros,151
874,hilos,150
1803,shell,150
170,asp.net-core,149
262,botón,148
1160,login,147
1706,rstudio,143
1687,rest,142
547,dom,140
1240,modal,139
340,clase,138
1625,razor,137
1574,pyqt5,137
1356,objeto,135
628,eventos,133
1289,mysql-workbench,133
1599,qt,132
870,hibernate,131
1503,post,130
625,estructuras-de-datos,128
457,dart,127
2032,trigger,127
1783,servidor,127
113,angularjs-2.0,126
1187,mariadb,125
2212,xamarin,124
1631,react-native,123
512,diccionarios,122
894,http,122
595,email,122
2127,visual-studio-2017,121
356,cmd,120
955,interfaz-gráfica,120
139,aplicación-web,119
1050,jpa,119
1009,javafx,117
1066,jsf,114
768,github,112
1266,ms-access,112
807,google-hoja-de-cálculo,110
529,django-forms,110
1941,swift2,108
1644,recyclerview,108
331,checkbox,107
2075,url,107
1048,join,107
1455,php5,106
1487,plsql,105
789,google-apps-script,105
2218,xampp,104
1353,object,103
998,java-8,102
1163,loops,102
290,c++11,101
1399,oracle-11g,99
1037,jframe,99
1786,session,97
1001,java-ee,97
304,canvas,97
1643,recursión,96
464,datagrid,94
633,excepciones,94
725,function,93
1620,random,92
1148,listview,92
168,asp,92
1403,ordenamiento,91
1583,python-3.7,91
1340,npm,90
1692,revisión-de-código,90
1942,swift3,89
1845,socket,87
1763,selenium,87
1948,symfony,86
107,angular5,85
1192,matemáticas,84
1572,pyqt,83
868,herencia,83
694,foreach,83
2162,webforms,83
539,docker,82
1294,método,81
174,asp.net-web-api,81
1522,primefaces,81
2214,xamarin.forms,81
504,dev-c++,79
473,datepicker,79
523,div,79
86,android-sqlite,78
2068,unix,77
1804,shell-script,76
21,activity,76
1713,rutas,76
396,consola,76
610,entrada,75
911,if,74
1315,netbeans-8.2,74
1027,jdbc,74
680,flask,74
343,class,73
222,batch,73
1540,promesas,72
1958,tablas,71
1840,soap,71
1114,laravel-6,71
1933,svg,71
940,insert,70
608,entity-framework-6,70
1197,materialize,70
577,ecmascript-6,70
109,angular7,70
1206,maven,70
873,highcharts,69
1863,spring-mvc,68
469,datatable,68
1685,responsive,68
754,ggplot2,67
937,input,67
535,djangorestframework,67
411,controller,67
2071,update,66
1878,sql-server-2012,66
1757,seguridad,66
251,bootstrap-3,66
490,delphi,65
2217,xaml,65
1395,optimización,65
1784,servlets,65
1182,map,65
376,combobox,63
1401,oracle-sqldeveloper,63
200,axios,63
1859,split,62
70,android-intent,62
117,animación,62
1533,programación-funcional,61
1876,sql-server-2008,61
1459,phpmailer,61
2192,windows10,60
1219,menú,60
328,chart.js,60
363,codeigniter-3,60
154,arduino,60
1978,template,59
402,constructor,59
2082,utf-8,58
1949,symfony2,58
708,fragment,57
108,angular6,57
1085,jupyter,57
2013,tomcat,57
2064,unity,57
1171,macos,57
298,cakephp,56
415,cordova,56
794,google-chrome,56
668,filtro,56
1061,jquery-ui,55
140,app,55
1759,select2,55
1890,sqlite3,54
2066,unity3d,54
1950,symfony3,54
1782,servicio,54
1355,objective-c,54
1080,jtable,53
1125,layout,53
1746,scroll,53
1172,macros,53
656,fetch,52
59,android-asynctask,52
1179,manejo-de-memoria,52
840,group-by,52
1015,javascript-objeto,51
1390,operador,51
697,formato,51
914,iis,51
1984,terminal,51
2200,woocommerce,51
864,haskell,50
888,html-tabla,50
483,debian,49
787,google-api,49
2034,tsql,49
1582,python-2.x,49
465,datagridview,48
970,ionic3,48
1879,sql-server-2014,48
2213,xamarin.android,48
2140,vscode,48
444,curl,47
1726,sass,47
1151,local-storage,47
969,ionic2,46
1109,lambda,45
717,ftp,45
813,google-play,45
6,.net-core,45
212,backend,45
1405,orm,44
829,gradle,44
1115,laravel-7,44
2092,vb,44
837,gridview,44
412,conversión-de-tipos,44
751,get,44
1204,matriz,43
1630,react-hooks,43
1194,material-design,43
1325,nginx,43
2239,yii2,43
648,facebook,42
1081,jtextfield,42
665,fileupload,41
1649,redirección,41
377,comparaciones,41
749,geolocalización,41
1534,programación-móvil,41
2203,wordpress-plugin,40
2204,wordpress-theme,40
795,google-cloud-firestore,40
869,heroku,40
1247,momentjs,39
1755,sed,39
684,flexbox,39
1959,table,39
898,https,39
224,beautifulsoup,39
720,fullcalendar,39
1518,prestashop,39
198,awk,39
1679,reportviewer,38
1926,sublimetext3,38
551,double,38
413,cookies,38
1513,powershell,38
1691,retrofit,38
1668,relaciones,38
2103,video,38
2094,vb6,38
968,ionic-framework,38
1897,ssh,38
1564,pycharm,38
1063,jquery-validate,37
372,color,37
766,git-push,37
1087,jwt,37
2129,visual-studio-code,37
1488,plugin,37
1471,pilas,37
1589,python-requests,37
199,aws,37
2033,try-catch,37
2005,timestamp,37
1749,scss,37
1508,postman,36
1458,phpexcel,36
432,crystal-reports,36
518,diseño,36
741,genexus,36
685,float,36
1615,radiobutton,36
1142,linq-to-sql,36
863,hashmap,36
1924,subconsultas,36
1741,scraping,36
1378,opencv,36
2156,wcf,36
1918,struct,36
69,android-imageview,36
2229,xpath,36
984,itextsharp,36
366,codificación,36
1943,swift4,35
1100,kivy,35
580,edittext,35
217,base64,35
624,estructuras,35
887,html-select,35
1241,model,35
1130,lenguaje-agnóstico,35
1856,spinner,35
706,fpdf,35
235,blade,34
2174,webview,34
1776,serialización,34
106,angular4,34
601,encriptación,34
1474,pip,34
1817,sintaxis,34
1764,selenium-webdriver,34
1445,permisos,34
45,alertdialog,34
248,booleano,33
204,azure,33
1772,seo,33
1284,mvvm,33
1301,navegador-web,33
1507,postgresql-9.3,33
1711,rubygems,33
386,composer,33
1899,ssl,33
1994,textview,33
691,font-awesome,32
100,angular-directivas,32
1670,rendimiento,32
527,django-admin,32
1344,nullpointerexception,32
2091,variables-globales,32
1936,sweetalert,32
166,asincronismo,32
593,else,32
2167,webpack,32
1826,slider,32
427,cron,32
781,go,32
160,array-bidimensional,31
993,jasper-reports,31
1524,print,31
2084,uwp,31
1221,mercadopago,31
1988,text,31
131,apache2,31
881,hosting,31
2149,vuex,31
430,crud,31
392,configuración,30
361,codeblocks,30
2118,vistas,30
1242,model-view-controller,30
2001,time,30
279,buscador,30
802,google-drive,29
1846,socket.io,29
1646,redes,29
1422,parsear,29
533,django-urls,29
234,bitmap,29
1785,sesiones,29
951,intellij-idea,29
1431,patrones-de-diseño,29
1477,pivot,29
380,compilador,29
437,css-grid-layout,29
178,async-await,29
302,calendar,28
1168,lógica,28
2012,tokens,28
1070,jsonarray,28
761,git-commit,28
230,binding,28
920,img,28
1798,sharedpreferences,28
1560,push-notification,28
498,depuración,28
548,dominio,28
2004,timer,27
2247,zip,27
1526,procesamiento-de-texto,27
165,ascii,27
1426,pascal,27
128,apache-poi,27
91,android-volley,27
188,autenticación,27
609,entity-framework-core,27
1731,scanner,27
2037,twig,27
1491,polimorfismo,27
101,angular-material,27
1653,redux,26
506,devexpress,26
606,ensamblador,26
1124,latex,26
273,buenas-prácticas,26
383,component,26
1912,str-replace,26
1913,stream,26
346,click,26
1370,onclick,26
861,hash,26
308,carbon,26
1336,nosql,26
253,bootstrap-carousel,26
2125,visual-studio-2013,26
1167,línea-de-comandos,26
458,data,26
1420,parametros,26
1588,python-import,25
1701,router,25
1986,test,25
2065,unity2d,25
975,iphone,25
185,audio,25
1137,librería,25
1790,setinterval,25
1535,progressbar,25
418,cors,25
2041,txt,24
1357,observable,24
1200,matlab,24
649,facebook-api,24
55,anaconda,24
1716,rxjs,24
559,dropdownlist,24
404,contador,24
307,caracteres,24
1539,prolog,24
834,grep,24
674,firefox,24
661,file,24
719,fuentes,24
183,atributos,24
31,ado.net,23
1049,joomla3,23
912,iframe,23
882,hover,23
1567,pygame,23
73,android-listview,23
1688,restful,23
1991,textbox,23
381,compilar,23
775,glassfish,23
843,gson,23
1412,packages,23
896,http-post,23
1153,localhost,23
2128,visual-studio-2019,23
2170,websocket,22
2024,transacciones,22
617,es6,22
611,enum,22
429,crontab,22
2161,webapi,22
1071,jsonobject,22
319,centos,22
1623,raspberry-pi,22
136,apk,22
1951,symfony4,22
576,ecmascript-2015,22
1198,math,22
540,docker-compose,22
1444,perl,22
971,ionic4,22
827,gps,22
1056,jquery-datepicker,22
1300,navbar,21
110,angular8,21
2040,twitter-api,21
895,http-get,21
1527,proceso,21
445,cursor,21
701,formulas,21
456,d3.js,21
1937,sweetalert2,21
325,certificado-ssl,21
335,ciclos,21
1742,scrapy,21
534,django-views,21
847,gulp,21
1239,mod-rewrite,21
1116,laravel-8,21
2124,visual-studio-2010,21
2114,virtualbox,20
2175,webview-android,20
2151,wamp,20
1076,jspdf,20
1083,junit,20
2222,xhtml,20
2242,youtube,20
990,jar,20
1428,paso-por-referencia,20
733,gcc,20
922,impresión,20
276,build.gradle,20
2008,tipos,20
1865,spring-security,20
2025,transact-sql,20
953,interface,20
497,deployment,20
835,grid,20
2062,unicode,20
525,diálogo,20
1414,paginación,20
1877,sql-server-2008-r2,19
831,graphql,19
468,dataset,19
1728,scala,19
1453,phonegap,19
907,ide,19
1547,pruebas-unitarias,19
1349,números-enteros,19
2054,uitableview,19
778,gmail,19
2073,upload,19
190,autocompletar,19
2060,undefined,19
519,diseño-de-clases,19
974,ip,19
924,imprimir,19
2039,twitter,19
989,jade,18
950,inteligencia-artificial,18
1447,pgadmin,18
927,indices,18
1330,nlp,18
905,icons,18
796,google-cloud-platform,18
1170,machine-learning,18
2254,árboles-binarios,18
332,chrome,18
130,apache-spark,18
1980,tensorflow,18
297,cache,18
341,clase-abstracta,18
303,callback,18
549,dompdf,18
284,búsquedas,18
315,cast,18
537,dns,18
1516,prepared-statements,17
500,descarga,17
957,internet-explorer,17
1215,mediaqueries,17
423,cpanel,17
476,datetimepicker,17
1498,popup,17
2147,vuejs,17
884,href,17
2148,vuetify,17
1578,pyspark,17
543,doctrine,17
78,android-permissions,17
175,aspx,17
1307,net,17
1739,scope,17
1112,laravel-4,17
981,iteradores,17
1641,realm,17
1884,sqlalchemy,17
1997,thymeleaf,16
554,drag-and-drop,16
908,identity,16
2135,volley,16
237,blob,16
98,angular-cli,16
2177,whatsapp,16
388,concatenación,16
1881,sql-server-2017,16
1532,programación-bajo-nivel,16
1551,puertos,16
280,busqueda,16
1774,sequelize.js,16
1243,modelorelacional,16
615,error404,16
635,exe,16
1262,mpdf,16
785,google-analytics,16
1827,slim,16
773,gitlab,16
172,asp.net-mvc-4,16
978,ireport,16
1568,pyinstaller,16
1006,java-util-scanner,16
964,inyeccion-de-dependencias,16
1543,prototipos,15
1004,java-stream,15
1805,shiny,15
809,google-maps-v3,15
793,google-chart-api,15
1843,sobrecarga-de-operadores,15
2113,vim,15
1232,migration,15
2081,users-roles,15
983,itext,15
1767,semantic-ui,15
805,google-forms,15
228,binario,15
1210,md5,15
1351,oauth,15
1304,navigationview,15
1929,substring,15
24,adapter,15
660,fibonacci,15
1972,teclado,15
1610,r-dplyr,15
1094,keras,15
842,gráficas,15
77,android-notifications,15
883,hql,15
313,carrusel,15
2160,web2py,15
1634,react-router-dom,15
666,filewriter,15
406,contenedores,14
35,aeat-sii,14
1762,selectores-css,14
1886,sqldeveloper,14
603,enlace,14
961,interop,14
1957,tabla-dinámica,14
1651,redondeo,14
977,ipython,14
788,google-app-engine,14
321,centos7,14
1870,spyder,14
1600,qt-creator,14
517,discord.py,14
1973,telegram,14
582,ejb,14
830,grails,14
1079,jsx,14
2166,weblogic,14
1174,magento2,14
1135,libgdx,13
152,archivo-de-propiedades,13
157,arquitectura,13
1944,switch,13
1138,licencias,13
921,importación,13
163,artisan,13
1290,mysqlconnector,13
646,extjs,13
1270,ms-word,13
1647,redes-neuronales,13
1475,pipe,13
1738,scipy,13
1836,smtp,13
1724,sap,13
90,android-viewpager,13
182,atom-editor,13
1598,qrcode,13
1324,ngfor,13
2116,virtualhost,13
1509,powerbi,13
1675,report,13
1968,tcp,13
1292,mysqldb,13
671,firebase-auth,13
2207,wsdl,13
495,dependencias,13
944,instalacion,13
1430,passport,13
532,django-templates,13
844,gtk,13
2080,usercontrol,13
1188,markdown,13
1230,microsoft-office,13
1922,style,13
227,bigdecimal,12
287,c#-8.0,12
1898,ssis,12
1268,ms-access-2010,12
1448,phalcon,12
1361,odbc,12
311,cardview,12
865,headers,12
1925,sublimetext,12
242,bluetooth,12
236,blazor,12
240,bluej,12
2100,ventana,12
1633,react-redux,12
659,fgets,12
2119,visual,12
1032,jersey,12
1761,selectores,12
672,firebase-messaging,12
80,android-recyclerview,12
740,genericos,12
137,aplicación-escritorio,12
1077,jstl,12
49,almacenamiento,12
1225,meteor,12
1118,laravel-excel,12
1684,response,12
1573,pyqt4,12
180,asynctask,12
177,async,12
1730,scanf,12
673,firebird,12
645,extensión-google-chrome,12
2190,windows-server,11
586,electron,11
64,android-drawerlayout,11
1164,lua,11
1919,struts,11
360,code-first,11
909,idioma,11
1920,struts2,11
67,android-glide,11
581,eficiencia,11
583,ejecutar,11
30,admob,11
1921,studio,11
664,filesystem,11
1380,opengl,11
1096,keypressevent,11
339,ckeditor,11
1147,listbox,11
1367,oledb,11
1659,reflection,11
1612,r-markdown,11
1362,odoo,11
2233,xslt,11
2246,zend,11
1640,real-time,11
1120,laravel-livewire,11
1632,react-navigation,11
2002,timeout,11
1469,picturebox,11
2117,virtualización,11
116,angularjs-scope,11
1253,moodle,11
451,cámara,11
434,cshtml,11
1807,signalr,11
161,arrayadapter,11
2097,vbscript,11
1350,números-primos,11
485,decoradores,11
1779,server,11
1525,printf,11
233,bitbucket,11
507,devise,11
814,google-play-console,11
1175,mail,11
1750,sdk,11
387,concat,11
823,google-visualization,11
934,innerhtml,11
1548,pseint,11
1552,pug,11
103,angular10,11
1178,makefile,11
1051,jpanel,10
20,activerecord,10
2085,vagrant,10
1322,ng-cordova,10
1302,navigation,10
1129,leaflet,10
1103,knockoutjs,10
2232,xsl,10
1990,textarea,10
142,app.config,10
2059,uml,10
2120,visual-c++,10
209,babeljs,10
1020,jboss,10
296,cabeceras-http,10
1343,nuget,10
221,basic,10
1257,motor-de-juego,10
1214,mediaplayer,10
111,angular9,10
1296,namespace,10
2015,toolbar,10
562,drupal,10
1472,pillow,10
858,handlebars.js,10
748,geojson,10
479,db2,10
1425,parámetros,10
1909,storage,10
1398,oracle-10g,10
759,git-bash,10
1549,pseudocódigo,10
1559,push,10
1796,sha1,10
1484,plotly,10
693,fopen,10
1515,preg-match,10
1680,requests,10
1626,rdlc,10
1605,querybuilder,10
409,contraseña,10
438,css-transform,9
2112,views,9
1875,sql-server-2005,9
484,debian-9,9
477,datos,9
946,integer,9
398,constantes,9
2035,tuplas,9
208,babel,9
1463,phpunit,9
426,criptografía,9
316,casting,9
980,iteraciones,9
1483,plot,9
776,glide,9
491,delphi-2010,9
1352,oauth2,9
105,angular2-template,9
502,design,9
1681,required,9
2250,zsh,9
640,expo,9
8,3d,9
2243,youtube-api,9
2238,yii,9
651,factorial,9
2231,xsd,9
1159,logger,9
584,ejs,9
1718,sailsjs,9
1751,seaborn,9
698,formato-condicional,9
1059,jquery-mobile,9
546,docx,9
85,android-spinner,9
544,doctrine2,9
99,angular-datatables,9
2137,vps,9
1195,material-design-lite,9
1542,props,9
1298,nativescript,9
764,git-merge,9
1299,nav,9
1345,numberformat,9
357,cms,9
839,groovy,9
1409,outlook,9
2021,traducción,9
1400,oracle-12c,9
1916,stripe,9
1335,nodos,9
1309,netbeans-11,9
935,inno-setup,9
1927,submit,9
336,ciencia-de-datos,8
1619,ramas-git,8
354,cluster,8
1043,jmeter,8
1196,material-ui,8
522,distinct,8
2248,zoom,8
1216,memoria,8
1023,jbutton,8
1982,teoría-de-grafos,8
1905,stdin,8
1323,ng-repeat,8
1935,swagger,8
1636,reactive-programing,8
1123,laravelcollective,8
1787,set,8
1233,mime,8
1901,ssrs,8
1799,sharepoint,8
906,id,8
1331,nltk,8
602,endpoint,8
62,android-context,8
17,actionbar,8
1371,onclicklistener,8
1678,reportlab,8
1165,lumen,8
52,amazon-s3,8
585,elasticsearch,8
1584,python-3.8,8
1074,jsoup,8
1072,jsonp,8
1053,jqgrid,8
1382,openlayers,8
293,c++98,8
1717,safari,8
291,c++17,8
82,android-service,8
1900,ssms,8
1386,openssl,8
1969,tcpdf,8
695,form-submit,8
509,diagrama-er,8
2007,tinymce,8
931,ingenieria-del-software,8
930,informix,8
213,background,8
1467,picasso,8
1835,sms,8
1278,multiple,8
1274,multer,8
1273,mssql,8
792,google-calendar,8
448,cv2,8
1434,paypal,8
2074,uri,8
2036,tweepy,8
389,conda,8
772,gitignore,8
992,jasper,8
1849,sonar,8
2047,ubuntu-server,8
2050,uicollectionview,8
2055,uitableviewcell,8
965,inyección-sql,7
682,flex,7
1952,sympy,7
375,coma-flotante,7
410,control-de-versiones,7
1338,notificaciones,7
81,android-room,7
1852,sourcetree,7
573,eclipse-oxygen,7
420,count,7
2191,windows-server-2012,7
2042,type,7
1060,jquery-plugins,7
1864,spring-roo,7
677,firma-digital,7
1086,jvm,7
943,instagram-api,7
1934,svn,7
1931,sum,7
239,blogger,7
329,chartjs,7
1624,raspbian,7
305,captcha,7
2016,tooltip,7
643,express-session,7
15,accordion,7
815,google-play-services,7
1618,ram,7
612,epplus,7
889,html-video,7
1866,spring-tool-suite,7
403,contact-form-7,7
663,filereader,7
1664,registro,7
1666,regresión-lineal,7
596,embebido,7
88,android-toast,7
1673,replace,7
44,alert,7
1393,operador-ternario,7
632,excel-2013,7
2131,visualización-de-datos,7
1842,sobrecarga,7
1238,mockito,7
1208,maxima,7
1996,this,7
1753,searchview,7
1841,soapui,7
1226,metodología,7
1217,mensajes,7
516,directorioactivo,7
755,gif,7
2115,virtualenv,7
1523,primeng,7
988,jackson,7
1327,ngroute,7
256,bootstrap-table,7
455,d3-v4.js,7
1245,modular,7
369,colecciones,7
1246,modulos,7
443,cuenta-usuario,7
1546,proxy,7
1019,jaxb,7
997,java-7,7
1558,puppeteer,7
1317,networking,7
1614,radio,6
1501,position,6
1869,spritekit,6
1892,sqlplus,6
2234,xubuntu,6
1648,redes-sociales,6
1133,letsencrypt,6
2237,yield,6
1499,porcentaje,6
1902,stack,6
1800,sharepoint-online,6
1132,less,6
1421,parse.com,6
1806,show,6
1144,linux-mint,6
1157,log4j,6
1833,smarty,6
1218,menu,6
2086,vala,6
1394,operadores,6
1271,msdos,6
1385,openpyxl,6
1748,scrollbar,6
1189,masm,6
1269,ms-access-2013,6
1705,rss,6
2136,vpn,6
1862,spring-data,6
1976,telerik,6
1280,multitasking,6
2182,wildfly,6
2183,winapi,6
1756,seeders,6
1528,procesos-en-segundo-plano,6
1981,teoría,6
1883,sql-server-express,6
2193,windows7,6
1521,pretty-urls,6
1305,neo4j,6
1733,schedule,6
2211,x86,6
1485,plpgsql,6
0,.asmx,6
745,genymotion,6
936,innodb,6
25,adb,6
292,c++1z,6
956,internacionalización,6
1067,jsfiddle,6
735,gd,6
132,apex,6
800,google-developers-console,6
966,io,6
667,filezilla,6
337,cifrado,6
782,godaddy,6
344,clausuras,6
779,gnu,6
345,cli,6
102,angular-router,6
39,agrupación,6
446,customadapter,6
92,android-wear,6
707,fputcsv,6
373,column,6
714,freepascal,6
1014,javascript-import,6
724,función-personalizada,6
1030,jenkins,6
726,fxml,6
75,android-manifest,6
730,game,6
508,diagrama-de-flujo,6
301,calculo,6
575,ecmascript,6
901,i18n,6
560,dropzone,6
245,bonita,6
553,dql,6
218,baseadapter,6
852,gvnix,6
261,bottombar,6
194,autoincremento,6
211,backbone,6
1093,kendoui,6
857,handlebars,6
568,dynamodb,6
900,huawei-mobile-services,6
367,coffeescript,5
2061,underscorejs,5
352,cloud,5
1337,notepad++,5
2165,webix,5
1482,plesk,5
767,git-tag,5
1018,jax-rs,5
358,cocoapods,5
1334,nodemailer,5
378,compilacion,5
1895,src,5
1517,preprocesador,5
370,collection,5
214,backgroundworker,5
371,collectionjs,5
351,clone,5
1512,powerquery,5
2159,web.config,5
1504,postgis,5
1979,template-strings,5
771,github-pages,5
1413,padding,5
1303,navigation-drawer,5
1408,out-of-memory-error,5
275,build,5
1297,nasm,5
942,instagram,5
1963,tar,5
1427,pascalscript,5
1429,paso-por-valor,5
2111,viewport,5
954,interfaz,5
268,broadcastreceiver,5
158,arquitectura-de-software,5
1436,pcre,5
264,bower,5
1396,options,5
314,cassandra,5
801,google-documentos,5
923,impresora,5
333,chromedriver,5
1464,phpword,5
2078,usecase,5
982,itertools,5
118,animate.css,5
257,bootstrap-tags-input,5
249,boot,5
384,componentes,5
891,html2pdf,5
394,conjuntos,5
1616,radiogroup,5
623,estilos,5
1084,junit-5,5
1638,reactstrap,5
488,delete,5
1627,react-axios,5
400,constraint-layout,5
654,fcm,5
1645,red-hat,5
1793,sfml,5
1177,make,5
1608,quicksort,5
1606,querystring,5
1597,qr,5
459,data-atributos,5
1642,recaptcha,5
514,digitalocean,5
447,cut,5
1732,scenebuilder,5
2253,árboles,5
1131,lenguaje-compilado,5
1708,rtf,5
1712,rust,5
570,ec2,5
1689,restsharp,5
1736,scikit-learn,5
1747,scroll-view,5
594,emacs,5
1665,registro-windows,5
600,emulación,5
528,django-class-based-views,5
1152,localdate,5
1154,localización,5
1184,mapbox,5
474,daterangepicker,5
2187,windows-installer,5
1563,pwa,5
401,constraints,5
2181,wifi,5
716,fstream,5
1042,jmenubar,5
704,foundation,5
1038,jhipster,5
42,alamofire,5
1193,material,5
2202,wordpress-imagenes,5
2176,wget,5
711,framework7,5
1046,jobs,5
1888,sqlfiddle,4
1729,scale,4
1989,text-mining,4
845,guardar,4
2057,uiwebview,4
1992,textfield,4
604,enlaces-ancla,4
1995,theme,4
718,ftpclient,4
1983,teradata,4
382,complejidad,4
259,bootstrap-vue,4
347,clickonce,4
1383,openlayers-3,4
1676,reporte,4
1707,rsync,4
2056,uitableviewcontroller,4
877,hoja-de-cálculo-tabla-dinámica,4
1519,prestashop1.7,4
727,fórmulas-de-matriz,4
564,drupal8,4
206,azure-sql,4
207,azure-storage,4
1868,sprintf,4
561,dropzone.js,4
1714,rvest,4
1693,rgba,4
867,height,4
2029,travis-ci,4
742,genexus15,4
1410,overflow,4
1880,sql-server-2016,4
1375,onkeyup,4
513,diff,4
712,frecuencia,4
1947,sylius,4
1442,pentaho,4
1946,sybase,4
355,cmake,4
1906,stdout,4
1569,pymongo,4
1928,substr,4
330,charts,4
1462,phpstorm,4
1480,plantuml,4
1818,sitemap,4
1923,stylus,4
1820,sizeof,4
342,clase-anidada,4
1575,pyserial,4
699,formdata,4
763,git-fork,4
1489,pm2,4
274,bufferedimage,4
299,cakephp-3.x,4
1655,refactoring,4
777,glm,4
1974,telegram-bot,4
1970,tcpip,4
1965,task,4
1964,tarea,4
441,cucumber,4
1424,particles,4
703,fos-user-bundle,4
1777,serialport,4
636,exec,4
637,executorservice,4
762,git-flow,4
1904,static,4
639,explode,4
1126,lazarus,4
1977,telnet,4
84,android-softkeyboard,4
1258,mouse,4
2240,yml,4
1169,maatwebsite,4
2210,wxwidgets,4
13,access-control,4
2236,yarn,4
1254,moodle-api,4
123,ant,4
1186,margin,4
1052,jpql,4
2077,usb,4
95,androidx,4
56,anaconda3,4
1260,mp3,4
46,alertify,4
50,amazon,4
2221,xdocument,4
1314,netbeans-8.1,4
181,atajo,4
120,annotation,4
973,ios8,4
11,accesibilidad,4
2101,vi,4
2105,videojs,4
1106,ksoap,4
143,append,4
1339,notification,4
2155,wav,4
1229,microsoft,4
1008,javadoc,4
196,autonumeric,4
2110,viewpager,4
2109,viewmodel,4
1329,nhibernate,4
138,aplicación-movil,4
2152,wampserver,4
135,apigoogle,4
93,android-widget,4
999,java-9,4
2121,visual-foxpro,4
1223,messagebox,4
29,adminlte,4
1579,pytesseract,3
1047,jodatime,3
1044,jni,3
442,cuda,3
686,floating-action-button,3
449,cx-freeze,3
38,agregación,3
1816,singleton,3
1587,python-docx,3
51,amazon-rds,3
37,aforge,3
689,focus,3
705,foxpro,3
1832,smartgwt,3
2197,wizard,3
54,amp,3
2189,windows-phone,3
431,crystal-lang,3
746,genéricos,3
2158,web-components,3
1012,javamail,3
1514,predicción,3
76,android-navigationview,3
2164,webhook,3
739,generator,3
2171,websphere,3
738,generador,3
737,gemfile,3
197,avd,3
1220,mercadolibre,3
393,conflictos,3
2172,websphere-mq,3
1874,sql-server-2000,3
1024,jcalendar,3
395,connection,3
1531,programacion-asincrona,3
60,android-bottom-nav-view,3
58,android-adapter,3
1541,prompt,3
421,countdowntimer,3
676,firewall,3
1855,spark,3
53,amcharts,3
1853,spa,3
1851,sonido,3
1203,matrices-asociativas,3
1553,puntero-a-función,3
1813,simplexlsx,3
201,axis,3
1811,silverlight,3
599,emmet,3
1727,sax,3
1101,knex,3
1145,lisp,3
1097,keystore,3
1743,screen,3
1744,screenshot,3
1662,refreshtoken,3
1721,saml,3
1661,refresh,3
1150,livewire,3
1155,localtime,3
1657,referer,3
1656,referencias,3
1654,reescritura-url,3
556,dreamweaver,3
1682,requirejs,3
510,dialog,3
1134,li,3
1128,ldap,3
1121,laravel-mix,3
1700,rotativa,3
2251,zxing,3
1110,laragon,3
563,drupal7,3
1136,libreoffice-calc,3
578,ecmascript-7,3
7,2d,3
569,each,3
1,.bat,3
9,abap,3
2245,zeep,3
558,dropdown,3
1158,logcat,3
2227,xml-schema,3
1593,qlineedit,3
466,datalist,3
1794,sftp,3
1795,sh,3
472,date-format,3
1797,sha256,3
1607,queue,3
467,datarow,3
1603,qtablewidget,3
1062,jquery-ui-datepicker,3
1885,sqldatatypes,3
1601,qt-designer,3
1180,manifest,3
669,filtros-css,3
453,código-de-barras,3
1594,qmainwindow,3
1176,mailer,3
34,adword,3
2225,xls,3
2220,xdebug,3
499,derby,3
494,delphi-tokyo,3
1639,read,3
627,evaluación,3
629,events,3
492,delphi-berlin,3
1078,jstree,3
1617,raku,3
1781,service-workers,3
641,exportar,3
487,delegados,3
1622,rasa-nlu,3
482,ddd,3
1789,setcookie,3
1602,qt5,3
567,dusk,3
1235,mkdir,3
1276,multichoice,3
1435,payu,3
2006,timezone,3
300,cakephp-bake,3
126,apache-cordova,3
247,boolean,3
189,auth,3
804,google-fonts,3
1377,opencsv,3
2011,toad,3
191,autocomplete,3
784,google-adsense,3
323,certificado,3
265,box-shadow,3
797,google-cloud-storage,3
963,intervention,3
1272,msql,3
232,biometrico,3
2027,transicion,3
790,google-apps-script-html-service,3
1461,phpspreadsheet,3
1955,system.js,3
255,bootstrap-switch,3
294,c++builder,3
2076,urlencoding,3
164,as400,3
1993,texto,3
156,arm,3
851,guzzle,3
1392,operador-incremento,3
832,graphviz,3
932,ingeniería-inversa,3
155,argparse,3
939,input-type,3
2079,useeffect,3
277,bulma,3
260,bottle,3
146,apply,3
1388,openxml,3
1291,mysqlconnector.jar,3
820,google-signin,3
818,google-search-console,3
1319,next.js,3
1285,mybatis,3
1366,ogre,3
324,certificado-apple,3
2144,vue-router,3
1903,stata,3
2142,vsts,3
195,automapper,3
1332,nmap,3
2063,unidades-de-medición,3
991,jasmine,3
1910,store,3
995,java-11,3
880,host,3
1000,java-awt,3
2150,vuforia,3
1493,polymer,3
1328,ngx-admin,3
760,git-clone,3
364,codeigniter-4,3
1348,nvm,3
2153,war,3
758,git-add,3
2154,warnings,3
202,axml,3
890,html2canvas,3
1891,sqllite,3
1502,posix,3
1358,ocr,3
838,grocery-crud,3
348,cliente,3
1468,pickle,3
986,itunes-connect,3
1363,office365,3
985,itunes,3
2134,volatile,3
1364,offset,3
119,animated,3
2244,zebra,2
2022,traefik,2
2023,traefik2,2
1765,self,2
2223,xhtml2pdf,2
184,attached-properties,2
223,bcryptjs,2
557,drools,2
501,deserialize,2
1771,sensor,2
10,abogado-del-lenguaje,2
1725,sas,2
493,delphi-rio,2
179,asyncio,2
176,asterisk,2
1720,samba,2
167,asm,2
26,adfs,2
503,desofuscación,2
2017,touch,2
1722,samsung,2
1715,rxjava,2
186,audio-manager,2
193,autohotkey,2
18,active,2
531,django-smart-selects,2
2069,unreal-engine,2
2249,zpl,2
2049,ui.router,2
205,azure-redis,2
244,bokeh,2
243,blur,2
22,actualizacion,2
1740,scrap,2
524,division,2
520,display,2
2230,xquery,2
2052,uikit-3,2
1999,tiff,2
2030,tree,2
1998,tibble,2
192,autofac,2
282,búfer,2
28,administración-de-software,2
317,categorical,2
115,angularjs-injector,2
2132,vlcj,2
2188,windows-mobile,2
334,ciclo-de-vida,2
424,cq5,2
1848,solidity,2
425,crahslytics,2
428,cronjobs,2
121,anova,2
433,csh,2
435,csp,2
1839,snippets,2
1930,subversion,2
2198,wolfram-mathematica,2
122,ansible,2
1857,spire,2
114,angularjs-4.0,2
417,corrutinas,2
397,console,2
1882,sql-server-ce,2
83,android-settings,2
2163,webgl,2
94,android.studio,2
1908,stm32,2
2143,vue-cli,2
350,clob,2
407,content-provider,2
399,constexpr,2
2173,webtoken,2
61,android-button,2
2179,widget,2
2180,width,2
405,contenedor,2
318,ccs,2
1831,smalltalk,2
1780,server-side-rendering,2
1940,swift-mailer,2
89,android-viewmodel,2
1971,tdd,2
36,aem,2
1704,rspec,2
2098,vectores,2
150,arcgis,2
1792,sfinae,2
1791,setuptools,2
33,adonisjs,2
2090,variables-de-configuración,2
269,browserify,2
2088,vanilla,2
1985,tesseract,2
32,adobe-muse,2
1987,test-ng,2
2102,vichuploaderbundle,2
2107,viewchild,2
1962,tailwind,2
1815,single-sign-on,2
1828,slim3,2
1825,slide,2
312,carga,2
1823,slack-api,2
309,card,2
306,capybara,2
141,app-store,2
1802,sheetjs,2
1812,simple-html-dom,2
1809,signature,2
1960,tablerowsorter,2
1961,taglib,2
2208,wso2,2
2209,wxpython,2
391,conexión,2
1690,resttemplate,2
1703,rsa,2
841,grunt,2
812,google-places,2
1433,payload,2
816,google-plus,2
1423,parser,2
822,google-spreadsheets,2
825,gpg,2
1417,pair,2
1416,paint,2
1415,pago-in-app,2
1407,ostream,2
833,greendao,2
1404,orderby,2
849,gulp-sass,2
1446,peticiones,2
850,gunicorn,2
1391,operador-de-conversión,2
1389,opera,2
853,h2,2
854,hack,2
1379,openerp,2
1374,onkeypress,2
1373,onkey,2
1369,onbackpressed,2
866,heap,2
872,hierarchical-clustering,2
876,hms-core,2
806,google-geocoding-api,2
1449,phantomjs,2
690,fondo,2
1511,powerpivot,2
696,formas,2
1571,pyodbc,2
1566,pygal,2
1562,putty,2
1561,pusher,2
1556,punteros-inteligentes,2
710,framework,2
1554,puntero-a-miembro,2
715,fs,2
1536,progressdialog,2
728,g-suite,2
744,gentoo,2
747,geocodificación,2
1450,pharo,2
1497,pop,2
1494,ponyorm,2
1490,pods,2
765,git-pull,2
1486,pls,2
770,github-desktop,2
1479,pkg,2
1478,pixijs,2
783,google+,2
786,google-analytics-reporting,2
1452,phaser.io,2
1451,phaser,2
879,hook,2
1346,numberpicker,2
897,httpd,2
1199,matisse,2
1234,mips32,2
1231,middleware,2
1228,microservices,2
1227,micropython,2
1017,javazoom,2
1222,mercurial,2
1025,jcreator,2
1026,jdatechooser,2
1028,jdialog,2
1209,md-bootstrap,2
1033,jest,2
1035,jfilechooser,2
1039,jira,2
903,ibm-bluemix,2
1040,jlabel,2
1055,jquery-3,2
1058,jquery-mask-plugin,2
1064,js-cookie,2
1082,julia,2
1088,jxl,2
1162,look-and-feel,2
1156,log,2
1095,keyboard,2
1140,linearlayout,2
1108,label,2
1119,laravel-jetstream,2
1236,mocha,2
1007,javac,2
1002,java-import,2
1252,mono,2
1326,ngresource,2
915,image-view,2
917,imagemagick,2
1321,nextjs,2
1318,newtonsoft,2
919,imap,2
1311,netbeans-11.3,2
1310,netbeans-11.2,2
925,in-array,2
928,indy,2
1306,neodatis,2
938,input-file,2
941,inspinia,2
947,integración-continua,2
952,intentservice,2
1288,mysql-sever,2
958,internet-explorer-11,2
959,internet-explorer-8,2
1277,multipart,2
962,interpolacion,2
976,iptables,2
979,isset,2
1267,ms-access-2007,2
1265,ms-acces-2007,2
1263,mpi,2
1577,pyside2,2
1411,owl,2
678,fish,2
1672,repetidos,2
675,firefox-webextensions,2
626,estándares,2
605,enlazado,2
1677,reporting,2
1667,regsvr32,2
1596,qml,2
1650,redis,2
598,ember.js,2
591,elixir,2
1621,rasa-core,2
662,fileoutputstream,2
1696,richtextbox,2
681,flask-restful,2
1595,qmake,2
683,flex-layout,2
657,ffmpeg,2
638,exists,2
1699,room,2
644,extensiones,2
1695,richfaces,2
1660,reflexión,2
949,intel-xdk,1
1283,mvp,1
144,appium,1
1287,mysql-connect,1
1281,mutabilidad,1
2108,viewchildren,1
134,api-fluent,1
1658,refit,1
1279,multiselect,1
948,intel-atom,1
2104,video-adaptativo,1
2106,videoview,1
1824,slf4j,1
129,apache-shiro,1
127,apache-pdfbox,1
987,ivalueconverter,1
1255,moongose,1
2141,vsftp,1
1256,mootools,1
2139,vs,1
2138,vr,1
104,angular11,1
1259,mouselistener,1
1261,mpandroidchart,1
1737,scilab,1
2133,vmware,1
1264,mqtt,1
542,doctest,1
2130,visual-studio-ts,1
541,docker-machine,1
1669,removeattribute,1
538,doblecomilla,1
536,dll,1
1275,multi-index,1
125,apache-axis,1
2123,visual-studio-2008,1
597,ember-cli,1
960,internet-explorer-9,1
145,applet,1
147,appserv,1
945,instancias,1
1341,nsis,1
1760,selector,1
2070,untagged,1
913,iife,1
618,eslint,1
2067,universal-image-loader,1
910,idle,1
904,ibm-watson,1
619,esp8266,1
902,iana,1
899,httpservletresponse,1
620,espacio-de-nombres,1
1342,ntfs,1
1295,names,1
2058,ujson,1
893,htmlunit,1
496,dependencyinjection,1
886,html-correo,1
203,azul-zulu,1
2053,uipath,1
621,esquemas,1
2051,uikit,1
878,homestead,1
1766,semantic-html,1
2048,ucfirst,1
2072,updatepanel,1
916,imageicon,1
187,aurelia.io,1
505,dev-tools,1
2099,veevalidate,1
521,disqus,1
96,angulajs,1
2096,vbs,1
148,appsettings,1
149,aptana,1
1652,redshift,1
153,archlinux,1
933,inicializacion,1
929,inertia.js,1
515,directivas,1
1752,seam,1
926,indexeddb,1
613,epub,1
1754,security,1
2083,uuid,1
1312,netbeans-12,1
1313,netbeans-8.0,1
1316,netbeans-9,1
511,dialog-fragment,1
614,error-403,1
1320,nextcloud,1
616,es2016,1
1671,repaint,1
1003,java-money,1
2146,vue2-google-map,1
1065,jsdoc,1
1089,jython,1
1161,logrotate,1
2224,xlrd,1
1694,rhel,1
1166,lyx,1
27,adminer,1
1073,jsonwebtoken,1
1069,json-schema,1
2216,xamarinforms,1
2215,xamarin.ios,1
1173,magento-1.9,1
2228,xmpp,1
571,echarts,1
574,eclipselink,1
1057,jquery-datetimepicker,1
1181,manjaro,1
1686,responsivo,1
1183,mapa,1
1185,mapsforge,1
2205,wordpress-widget,1
1190,mat-table,1
41,ajustar-texto,1
1090,kafka,1
23,ada,1
1045,jnlp,1
1099,kitkat,1
1122,laravel-sanctum,1
2252,álgebra-relacional,1
1702,routing,1
3,.htpasswd,1
5,.net-5,1
1107,kubernetes,1
1139,liferay-6,1
565,dukescript,1
1105,ksh,1
1102,knob,1
2241,yolo,1
1091,karma-jasmine,1
1098,kibana,1
12,acceso-prohibido,1
1698,robots.txt,1
14,access-control-allow-origen,1
1149,livedata,1
2235,yaml,1
16,acentos,1
1092,kbhit,1
19,activemq,1
1697,rigidbody,1
1191,match,1
43,alamofireimage,1
1249,mongod,1
1016,javasound,1
1021,jboss-5.x,1
68,android-gridview,1
71,android-jellybean,1
2168,webpacker,1
74,android-m,1
590,eliminar,1
1224,meta-tags,1
1674,replaceall,1
552,dovecot,1
79,android-pie,1
550,dotnetcore,1
555,drawerlayout,1
545,documentacion,1
1237,mochajs,1
1011,javafx11,1
1010,javafx-css,1
1734,schema,1
875,hive,1
1735,scheme,1
1244,modernizr,1
996,java-14,1
1248,mongoatlas,1
1022,jboss-eap,1
65,android-edittext,1
2199,woocommer,1
1034,jestjs,1
1041,jmc,1
1683,reshape,1
2196,wireshark,1
2195,wireframe,1
2194,windowsce,1
1719,salto-de-linea,1
47,alexa,1
579,edge,1
1036,jflex,1
587,elementor,1
1205,matter.js,1
63,android-corrutinas,1
588,elementos,1
1207,max-width,1
2184,windowbuilder,1
1031,jerarquía,1
1723,sandbox,1
1211,mdb,1
1212,mdx,1
1213,mechanize,1
1029,jdom,1
589,elementref,1
1354,objectify,1
1359,octave,1
2045,typings,1
322,certbot,1
460,dataannotations,1
1492,polyfill,1
454,código-fuente,1
359,coda,1
1496,pool,1
365,codificacion,1
368,cognito,1
1896,ssas,1
756,gimp,1
1894,sqltabledependency,1
1893,sqlsrv,1
1500,posicionamiento,1
753,getupdates,1
752,getch,1
750,geolocation-api,1
1506,postgresql-12,1
1887,sqldf,1
374,com,1
1808,signals,1
1510,powerbuilder,1
379,compilación-cruzada,1
1592,qgridlayout,1
1810,silex,1
461,database-android,1
1907,stimulusjs,1
769,github-actions,1
338,cil,1
799,google-datastore,1
1932,supportmapfragment,1
326,cgi,1
798,google-colab,1
327,chai,1
1457,php8,1
791,google-bigquery,1
1465,physics2d,1
1466,pic,1
1604,quasar,1
1470,pie,1
353,cloud9,1
780,gnuplot,1
1473,ping,1
774,gitlab-ci,1
1917,strtolower,1
1476,pipeline,1
1915,stringr,1
349,clipper,1
462,databricks,1
1801,sharpdevelop,1
1481,play,1
743,genexusxev3,1
1520,presto,1
385,comportamiento-indefinido,1
1838,snapkit,1
1814,simplexml,1
679,flashback,1
1847,solaris,1
1585,python-3.9,1
1557,puppet,1
1844,socialite,1
709,fragmentpageradapter,1
452,código-abierto,1
1565,pydot,1
1819,size,1
1837,snap.svg,1
1550,pst,1
702,fortran,1
1570,pymysql,1
1834,smime,1
1821,sketchware,1
692,font-size,1
1830,slq-server,1
1829,slq,1
1576,pyside,1
1822,skype,1
450,cálculo-relacional,1
1850,sonarqube,1
422,cpan,1
736,gdb,1
1537,proguard,1
734,gcloud,1
732,gatsby,1
731,game-maker,1
1529,processing,1
1530,profiler,1
1871,sqflite,1
729,gallery,1
1591,pywavelets,1
1590,python3.6,1
1867,spring-webflow,1
1538,projectserver,1
713,freemarker,1
723,funciones-ventana,1
408,contentvalues,1
414,coolbeans,1
416,corona,1
721,funcionalidad,1
419,couchdb,1
1858,splash,1
1544,protractor,1
1545,proxmox,1
1854,spacy,1
658,fgetcsv,1
320,centos6,1
210,back-button,1
1938,swi-prolog,1
859,hapijs,1
1372,onesignal,1
1770,sencha-touch,1
2014,tomee,1
246,bookmarklet,1
1376,opencl,1
2010,tls,1
1635,react-select,1
856,hana,1
254,bootstrap-datepicker,1
1381,opengraph,1
855,hadoop,1
1384,openpay,1
2003,timepicker,1
258,bootstrap-timepicker,1
1773,sequelize,1
2000,tildes,1
631,excel-2010,1
1387,opensuse,1
1775,serializacion,1
489,delimitador,1
634,exchangewebservices,1
263,bouncycastle,1
2018,touchid,1
2019,tr,1
2020,tracking,1
229,binary-files,1
2043,typeorm,1
622,estadística,1
871,hide,1
215,barras,1
687,flot,1
2038,twilio,1
219,basemap,1
1360,odac,1
225,behat,1
226,bem,1
231,bing-search,1
241,blueprism,1
2031,trello,1
1768,semaphore,1
1365,ofuscación,1
2028,transition,1
862,hashcode,1
2026,transbank,1
1368,onactivityresult,1
238,blockchain,1
1769,semver,1
860,hardware,1
1778,serilog,1
848,gulp-4,1
846,guards,1
1438,pdf.js,1
647,f#,1
289,c++-faq,1
1432,payara,1
650,facebook-graph-api,1
1956,tab,1
652,fastmm,1
1954,system.io,1
1953,sync-framework,1
295,c3.js,1
811,google-oauth,1
1439,pdfbox2.0,1
819,google-sheets,1
1440,pdfjslib,1
810,google-newsstand-producer,1
1443,percentil,1
1945,swt,1
653,fastreport,1
310,card-body,1
1613,rabbit-mq,1
803,google-fabric,1
655,fedora,1
1611,r-igraph,1
817,google-search,1
1788,setattribute,1
1629,react-hook-form,1
486,defaulttablemodel,1
1402,oracleforms,1
266,boxplot,1
836,gridlayaout,1
267,brackets,1
1628,react-bootstrap,1
1406,osb,1
272,buefy,1
566,dup,1
828,gpu,1
826,gpl,1
1975,telegram.bot,1
821,google-sites,1
481,dbase,1
278,bundler,1
281,bxslider,1
480,db4o,1
1419,parallax,1
824,gorm,1
283,búsqueda-monte-carlo,1
1967,tcl,1
1966,task-runner,1
478,datos-abiertos,1
1127,ld,1
